id_vaga,tool
30077919,PYTHON
30077919,SQL
30045699,IAGEN
30045699,AZURE
30600767,EXCEL
30475700,SQL
30435634,PYTHON
30435634,AIRFLOW
30435634,SQL
30435634,TABLEAU
30435634,POSTGRESQL
30435634,LOOKER
30623482,MYSQL
30623482,SQL
30623482,MONGODB
30623482,BIGQUERY
30623482,GCP
30623482,QLIK
30623482,POSTGRESQL
30307157,HADOOP
30307157,PYTHON
30307157,SQL
30307157,AZURE
30307157,LEARNING
30307157,T-SQL
30307157,PL/SQL
30307157,SPARK
29698367,LEARNING
29698367,PANDAS
29698367,SQL
30290752,PYTHON
30033286,SQL
29725962,PYTHON
29725962,SQL
29725962,SCALA
29725962,AZURE
29725962,SPARK
30008081,SQL
30185618,SQL
30475996,EXCEL
30475996,SQL
30082115,PYTHON
30082115,AIRFLOW
30082115,AWS
30082115,AZURE
30082115,GCP
30401756,STREAMLIT
30401756,PLOTLY
30401756,PYTHON
30401756,AIRFLOW
30401756,KUBERNETES
30401756,AWS
30401756,SEABORN
30401756,SQL
30401756,BIGQUERY
30401756,GCP
30401756,REDSHIFT
30395242,PYTHON
30395242,SQL
30395242,R
30395242,TABLEAU
30395242,QLIKVIEW
30559617,EXCEL
30559617,PYTHON
30253165,EXCEL
30253165,SQL
30531192,DYNATRACE
30531192,AWS
30531192,ELK
30531192,GRAFANA
30531192,OPENTELEMETRY
30531192,JAVA
30531192,SCALA
30531192,NOSQL
30531192,SQL
30531192,AZURE
30531192,SPLUNK
30531192,DATABRICKS
30531192,SPARK
29836225,SQL
29991256,DATABRICKS
30068404,EXCEL
30534279,PYTHON
30534279,AWS
30534279,PYSPARK
30534279,SQL
30534279,SCALA
30534279,GCP
30534279,R
30534279,LOOKER
29726096,PYTHON
29726096,SQL
29726096,SCALA
29726096,AZURE
29726096,POWERBI
29726096,DATABRICKS
29726096,API
29726096,SPARK
30664371,MYSQL
30664371,PYTHON
30664371,GIT
30664371,SQL
30664371,DOCKER
30664371,MONGODB
30664371,POSTGRESQL
30446919,MYSQL
30446919,HADOOP
30446919,KAFKA
30446919,PANDAS
30446919,AWS
30446919,PYTHON
30446919,SPARK
30446919,SQL
30446919,NOSQL
30446919,MONGODB
30446919,DATABRICKS
30446919,POSTGRESQL
30446919,CASSANDRA
29946478,R
29946478,PYTHON
29946478,EXCEL
30268227,AZURE
30268227,SPARK
30268227,PYTHON
30268227,SQL
30220571,POWERBI
30136616,PYTHON
30136616,AIRFLOW
30136616,AWS
30136616,SQL
30136616,AZURE
30136616,GCP
30136616,HADOOP
29921100,LEARNING
30527976,PYTORCH
30527976,PYTHON
30527976,GITHUB
30527976,IA
30527976,GIT
30527976,TENSORFLOW
30527976,LEARNING
30527976,DEEP
30630098,EXCEL
30630098,PYTHON
30526288,EXCEL
30531248,SPARK
30531248,PYTHON
30531248,SQL
30570912,R
30570912,PYTHON
30570912,BIGQUERY
30570912,SQL
30433425,PYTHON
30433425,AWS
30433425,EXCEL
30433425,SQL
30433425,TABLEAU
30504513,EXCEL
30504513,SQL
30200253,SQL
29903480,EXCEL
30535998,R
30535998,LEARNING
30535998,PYTHON
30535998,SQL
29679157,TABLEAU
29679157,EXCEL
29679157,SQL
29679157,POWERBI
29679157,LINUX
30352546,SQL
29978027,R
29978027,PYTHON
30043918,PYTHON
30043918,AIRFLOW
30043918,BIGQUERY
30043918,SQL
30119253,MYSQL
30119253,AIRFLOW
30119253,SYBASE
30119253,SNOWFLAKE
30119253,SQL
30119253,GCP
30119253,DATABRICKS
30119253,SPARK
30267610,EXCEL
30647870,EXCEL
30647870,SQL
30044338,PYTHON
30044338,SQL
30044338,R
30044338,TABLEAU
30044338,LOOKER
29977132,PYTHON
30068483,METABASE
30068483,AWS
29967946,MYSQL
29967946,PANDAS
29967946,KAFKA
29967946,PYTHON
29967946,HADOOP
29967946,SPARK
29967946,SQL
29967946,ML
29967946,NOSQL
29967946,LEARNING
29967946,MONGODB
29967946,DATABRICKS
29967946,POSTGRESQL
29967946,CASSANDRA
29992900,DOCKER
29992900,MONGODB
29992900,GCP
29992900,DATABRICKS
29992900,PYSPARK
29992900,GIT
29992900,LUIGI
29992900,POSTGRESQL
29992900,MYSQL
29992900,KUBERNETES
29992900,SQL
29992900,AZURE
29992900,CASSANDRA
29992900,HADOOP
29992900,PYTHON
29992900,AIRFLOW
29992900,AWS
29992900,LEARNING
29992900,SPARK
30099896,EXCEL
30068535,EXCEL
30142353,PYTHON
30142353,SCRAPY
30142353,BEAUTIFULSOUP
30142353,SQL
30142353,LEARNING
30142353,TABLEAU
30380961,SQL
30380961,TABLEAU
30380961,QLIKVIEW
29832467,METABASE
29832467,PANDAS
29832467,PYTHON
29832467,KUBERNETES
29832467,AIRFLOW
29832467,TERRAFORM
29832467,GIT
29832467,SQL
29832467,NOSQL
29832467,DOCKER
29832467,POWERBI
29832467,BIGQUERY
29832467,API
29832467,LOOKER
29832467,SPARK
30532201,MYSQL
30532201,PANDAS
30532201,PYTHON
30532201,KUBERNETES
30532201,AWS
30532201,DOCKER
30532201,POWERBI
30532201,GCP
30532201,LINUX
30532201,REDSHIFT
30001357,PYTHON
30001357,JAVA
30001357,SCALA
30001357,C++
30001357,SQL
30001357,HADOOP
30001357,R
30001357,TABLEAU
30131935,EXCEL
30235746,EXCEL
30639007,SAS
30639007,AWS
30639007,SQL
30639007,AZURE
30639007,LEARNING
30639007,QLIK
30639007,LINUX
30639007,TABLEAU
30639007,QLIKSENSE
30647808,SQL
29607063,KAFKA
29607063,PYTHON
29607063,AIRFLOW
29607063,SNOWFLAKE
29607063,GIT
29607063,ELASTICSEARCH
29607063,SQL
29607063,DOCKER
29607063,HADOOP
29607063,REDIS
29607063,SPARK
30630276,PYTORCH
30630276,FLASK
30630276,KAFKA
30630276,GCP
30630276,GENSIM
30630276,TERRAFORM
30630276,GIT
30630276,TENSORFLOW
30630276,SCIKIT-LEARN
30630276,SPACY
30630276,SQL
30630276,ELASTICSEARCH
30630276,REDIS
30630276,FASTAPI
30630276,PYTHON
30630276,AIRFLOW
30630276,AWS
30630276,KERAS
30630276,NLTK
29933987,SPARK
29933987,PANDAS
29933987,PYTHON
29933987,SQL
30528472,AIRFLOW
30528472,AWS
30528472,JAVA
30528472,SCALA
30528472,SPARK
29818336,PYTHON
29818336,AWS
29818336,SQL
29818336,AZURE
29818336,GCP
30534681,SAS
30534681,PANDAS
30534681,PYTHON
30534681,IA
30534681,TABLEU
30534681,SQL
30534681,LEARNING
30534681,BIGQUERY
30534681,R
30534681,LOOKER
30331412,EXCEL
29791959,PYTHON
29791959,OPENCV
30426891,EXCEL
30473827,EXCEL
29923046,MYSQL
29923046,TABLEAU
29923046,EXCEL
29923046,SQL
30016076,EXCEL
30645795,MYSQL
30645795,PYTHON
30645795,AWS
30645795,SNOWFLAKE
30645795,EXCEL
30645795,REDSHIFT
30645795,SQL
30645795,NOSQL
30645795,CASSANDRA
30645795,MONGODB
30645795,BIGQUERY
30645795,R
30645795,TABLEAU
30645795,LOOKER
30645795,QLIKVIEW
29397967,AIRFLOW
29397967,AWS
29397967,IA
29397967,SQL
29397967,LEARNING
30395245,PYTHON
30395245,SQL
30395245,R
30395245,TABLEAU
30395245,QLIKVIEW
29992291,EXCEL
30639523,PYTHON
30639523,SQL
30639523,BIGQUERY
30639523,POWERBI
30639523,JAVASCRIPT
30541743,AWS
30541743,EXCEL
30541743,SQL
30541743,POWERBI
30541743,QLIKSENSE
30648647,TABLEAU
30648647,PCA
30648647,DOMO
30648647,SQL
29780125,PYTHON
29780125,SQL
29780125,LEARNING
29780125,BIGQUERY
29780125,API
30239630,EXCEL
30239630,TABLEAU
30239630,SQL
30657810,PYTHON
30657810,SQL
30134424,PYTHON
30501963,PYTHON
30501963,EXCEL
30501963,SQL
30501963,LEARNING
30501963,R
30501963,TABLEAU
30642935,MYSQL
30642935,SQL
29980904,EXCEL
29980904,GIT
29980904,SQL
29980904,DATABRICKS
29980904,POWERBI
29821384,PYTHON
29821384,AWS
29821384,SNOWFLAKE
29821384,IA
29821384,GENERATIVA
29821384,JAVA
29821384,SCALA
29821384,SQL
29821384,BIGQUERY
29821384,GCP
29821384,SPARK
29131089,EXCEL
29131089,PYTHON
29131089,SQL
30672145,EXCEL
30672145,SQL
30473923,PYTHON
30473923,JAVA
30473923,NOSQL
30473923,SQL
30473923,GCP
30473923,BIGQUERY
30343374,SQL
30220263,EXCEL
30528856,PYTHON
30528856,KUBERNETES
30528856,PYSPARK
30528856,JAVA
30528856,AZURE
30528856,DATABRICKS
30528856,SPARK
30212628,EXCEL
30212628,PYTHON
30487310,EXCEL
30487310,SQL
30071606,QLIK
30672409,GITHUB
30453659,EXCEL
30453659,PYTHON
30453659,SQL
29933630,SQL
30634002,LEARNING
30634002,IA
30212077,EXCEL
30212077,SQL
30212077,IA
30212077,JAVA
30538629,EXCEL
30662715,EXCEL
30662715,SQL
30475284,TERRAFORM
30475284,PYTHON
30475284,AWS
30475284,SQL
29778646,EXCEL
30555471,EXCEL
30555471,PYTHON
30528036,SQL
30332522,PYTHON
30332522,SQL
30332522,ML
30332522,SCALA
30332522,LEARNING
30332522,R
29910900,R
29910900,TABLEAU
29910900,PYTHON
29910900,SQL
29794630,KAFKA
29794630,PYTHON
29794630,SQL
29794630,NOSQL
29794630,CASSANDRA
29794630,HADOOP
29794630,SPARK
30131888,EXCEL
30639252,R
30639252,PYTHON
30639252,EXCEL
28974252,EXCEL
30523827,QLIK
30523827,EXCEL
30523827,SQL
29890593,EXCEL
30015874,SAS
30015874,PYTHON
30015874,GIT
30015874,SQL
30015874,ML
30015874,LEARNING
30015874,POWERBI
30015874,TABLEAU
30427254,SQL
30493121,EXCEL
30493121,SQL
30522054,EXCEL
30545670,PYTHON
30545670,AWS
30545670,SQL
30545670,AZURE
30545670,LEARNING
30545670,TABLEAU
30545670,SPARK
29944979,GCP
29935939,IAGEN
29935939,AZURE
30448169,PYTHON
30448169,SCIKIT-LEARN
30448169,IA
30448169,GENERATIVA
30448169,TENSORFLOW
30448169,LEARNING
30529648,ALTERYX
30529648,KAFKA
30529648,PYTHON
30529648,AWS
30529648,AIRFLOW
30529648,SNOWFLAKE
30529648,PYSPARK
30529648,JAVA
30529648,SCALA
30529648,NOSQL
30529648,SQL
30529648,AZURE
30529648,GCP
30529648,DATABRICKS
30529648,QLIK
30529648,TABLEAU
30637204,EXCEL
30637204,TABLEAU
30637204,LOOKER
30332603,SAS
30332603,PYTHON
30332603,EXCEL
30332603,SQL
30332603,TABLEAU
29498509,LEARNING
29498509,TABLEAU
30119445,TABLEAU
30119445,SQL
29797488,EXCEL
30600653,EXCEL
30600653,SQL
30537053,REST
30537053,PYTHON
30537053,KUBERNETES
30537053,OPENCV
30537053,TENSORFLOW
30537053,AZURE
30537053,DOCKER
30537053,LINUX
30533932,IA
30533932,AWS
30526083,EXCEL
30482641,PYTHON
30482641,TABLEU
30482641,SQL
30482641,R
30482641,SPARK
30532983,REST
30532983,MYSQL
30532983,DYNATRACE
30532983,PYTHON
30532983,AWS
30532983,KUBERNETES
30532983,TERRAFORM
30532983,DATADOG
30532983,GRAFANA
30532983,DOCKER
30532983,API
30105314,GRAFANA
30068515,EXCEL
30645464,EXCEL
30626344,EXCEL
30626344,PYTHON
30626344,SQL
30662308,SQL
30034414,PYTHON
30034414,AIRFLOW
30034414,AWS
30034414,TERRAFORM
30034414,SQL
30034414,DATABRICKS
30034414,REDSHIFT
30531629,PYTHON
30531629,SQL
30531629,AZURE
30531629,DATABRICKS
30531629,R
30536163,REST
30536163,PYTHON
30536163,KUBERNETES
30536163,IA
30536163,GENERATIVA
30536163,TENSORFLOW
30536163,AZURE
30536163,DOCKER
30536163,LEARNING
30536163,DEEP
30412206,PYTHON
30412206,SQL
30412206,JAVA
30412206,LEARNING
30412206,C
30412206,POSTGRESQL
30673488,R
30673488,PYTHON
30673488,EXCEL
30673488,SQL
30211867,EXCEL
30669654,EXCEL
30669654,PYTHON
30669654,SQL
30672028,PYTHON
30672028,KAFKA
30672028,AIRFLOW
30672028,JAVA
30672028,SCALA
30672028,NOSQL
30176792,MYSQL
30176792,PYTHON
30176792,AIRFLOW
30176792,KAFKA
30176792,SQL
30176792,GCP
30176792,POWERBI
30176792,POSTGRESQL
30410002,ML
30410002,POWERBI
30410002,SQL
30534175,NUMPY
30534175,PANDAS
30534175,SQL
30534175,HADOOP
30534175,R
30534175,TABLEAU
30534175,SPARK
30643233,EXCEL
30504393,MYSQL
30504393,PYTHON
30504393,SQL
30504393,QLIK
30504393,R
30504393,TABLEAU
30303863,PYTHON
30303863,EXCEL
30303863,SQL
30303863,LEARNING
30303863,R
30303863,TABLEAU
30206450,PYTHON
30206450,C#
30206450,GENERATIVA
30206450,LEARNING
30206450,C
30206450,R
30044693,IA
30044693,AWS
30044693,GENERATIVA
30426037,EXCEL
30426037,SQL
30537096,AWS
30537096,DATABRICKS
30533449,SAS
30533449,PANDAS
30533449,PYTHON
30533449,IA
30533449,GIT
30533449,TABLEU
30533449,SQL
30533449,LEARNING
30533449,BIGQUERY
30533449,R
30533449,LOOKER
30111581,EXCEL
30111581,SQL
30260870,SQL
30260870,TABLEAU
30260870,QLIKVIEW
30085084,PYTHON
30085084,AIRFLOW
30085084,AWS
30085084,AZURE
30085084,GCP
29866663,SQL
29866663,DATABRICKS
29864414,PYTHON
29864414,KAFKA
29864414,JAVA
29864414,SCALA
29864414,HADOOP
29864414,SPARK
30108686,EXCEL
30078156,EXCEL
30078156,TABLEAU
30354457,EXCEL
30306904,EXCEL
30306904,TABLEAU
30306904,PYTHON
30306904,QLIKVIEW
30525263,SQL
30121426,EXCEL
30353246,EXCEL
30468389,PANDAS
30468389,KAFKA
30468389,PYTHON
30468389,AWS
30468389,PYSPARK
30468389,SPARK
30468389,SQL
30468389,NOSQL
30468389,LEARNING
30468389,HADOOP
30468389,REDSHIFT
30031903,NUMPY
30031903,PLOTLY
30031903,PANDAS
30031903,PYTHON
30031903,SCIKIT-LEARN
30031903,SEABORN
30031903,SQL
30031903,MATPLOTLIB
30199048,EXCEL
30199048,IA
29923719,MYSQL
29923719,KAFKA
29923719,PYTHON
29923719,AWS
29923719,AIRFLOW
29923719,SNOWFLAKE
29923719,SPARK
29923719,REDSHIFT
29923719,SQL
29923719,NOSQL
29923719,AZURE
29923719,MONGODB
29923719,DATABRICKS
29923719,POSTGRESQL
29923719,CASSANDRA
30528108,PYTHON
30528108,KAFKA
30528108,SPARK
30528108,SQL
30528108,SCALA
30528108,NOSQL
30528108,AZURE
30528108,DATABRICKS
30528108,CASSANDRA
29777811,EXCEL
29777811,TABLEAU
30497249,EXCEL
29696868,SQL
29696868,PYTHON
29696868,GITHUB
29696868,REDSHIFT
29940588,REST
29940588,METABASE
29940588,SOAP
29940588,PL/SQL
29940588,POWERBI
30437367,DASH
30437367,EXCEL
30395237,PYTHON
30395237,SQL
30395237,R
30395237,TABLEAU
30395237,QLIKVIEW
30318933,PYTHON
30318933,GIT
30318933,SQL
30318933,R
30318933,TABLEAU
29910801,PYTHON
29910801,AIRFLOW
29910801,SQL
29910801,LEARNING
29910801,LINUX
29910801,TABLEAU
30614713,EXCEL
30614713,PYTHON
30614713,SQL
30131991,PYTHON
30131991,AIRFLOW
30131991,SQL
30131991,NOSQL
30131991,GCP
30068580,EXCEL
30120259,PYTHON
30120259,AWS
30120259,SQL
30120259,R
30120259,TABLEAU
30533070,KAFKA
30533070,AWS
30533070,SNOWFLAKE
30533070,JAVA
30533070,SCALA
30533070,AZURE
30533070,GCP
30533070,DATABRICKS
30533070,QLIK
30533070,TABLEAU
30599813,EXCEL
30599813,SQL
30672086,PYTHON
30672086,IA
30672086,SQL
30672086,LEARNING
30672086,R
30187193,AZURE
30187193,EXCEL
30187193,PYTHON
30187193,SQL
30442916,AZURE
30442916,TABLEAU
30442916,PYTHON
30442916,SQL
30523079,SQL
30053866,PYTHON
30053866,SCIKIT-LEARN
30053866,PYSPARK
30053866,SQL
30053866,LEARNING
30053866,SPARK
30675339,AZURE
30675339,SQL
30675339,PYTHON
30675339,DATABRICKS
30671943,IA
30671943,SQL
30541752,PYTHON
30541752,AWS
30541752,EXCEL
30541752,SQL
30541752,POWERBI
30541752,QLIKSENSE
30541752,REDSHIFT
30515115,EXCEL
30341094,PYTHON
30341094,AWS
30341094,SQL
30341094,QLIK
30341094,REDSHIFT
30002711,LEARNING
30002711,DEEP
30002711,PYTHON
30002711,GIT
29934591,R
29934591,PYTHON
29934591,EXCEL
29934591,SQL
29992652,PYTHON
29992652,OPENCV
29811226,R
29811226,PYTHON
30438539,EXCEL
29969524,TABLEAU
29969524,PYTHON
29969524,SQL
29819613,R
29819613,PYTHON
29819613,EXCEL
30016080,EXCEL
30016080,PYTHON
30016080,SQL
30252819,LOOKER
30252819,GCP
30252819,PYTHON
30252819,BIGQUERY
30635451,EXCEL
30635451,SQL
30616983,EXCEL
28159056,MYSQL
28159056,SQL
30523641,PYTHON
30523641,AWS
30523641,SQL
30523641,AZURE
30523641,LEARNING
30523641,GCP
30613795,LEARNING
30613795,PYTHON
30613795,SQL
30497489,EXCEL
30097320,EXCEL
30479658,NUMPY
30479658,PANDAS
30479658,PYTHON
30479658,SCIKIT-LEARN
30479658,SQL
30479658,R
30479658,TABLEAU
30343228,SQL
29397110,EXCEL
29397110,TABLEAU
29397110,SQL
30598720,IA
30598720,JAVASCRIPT
30220261,EXCEL
30220261,PYTHON
30220261,SQL
30671477,EXCEL
29812068,POWERBI
29920125,PYTHON
29920125,SQL
29863994,PYTHON
29863994,EXCEL
29863994,SQL
29863994,R
29863994,TABLEAU
29714751,PYTHON
29714751,AWS
29714751,GIT
29714751,SQL
29714751,DATABRICKS
29714751,SPARK
30382983,EXCEL
30382983,PYTHON
30382983,SQL
30264914,PYTHON
30264914,AWS
30264914,SQL
30264914,QLIK
30264914,REDSHIFT
30662546,EXCEL
30133089,EXCEL
30133089,SQL
30516951,EXCEL
30425789,AZURE
30425789,AWS
29934572,EXCEL
29934572,SQL
30612839,LEARNING
30612839,PYTHON
30612839,SQL
30510300,EXCEL
30401609,EXCEL
30531845,AZURE
30531845,SQL
30531845,DATABRICKS
29910780,SQL
30662123,EXCEL
30662123,SQL
30468112,SQL
30527326,POWERBI
30527326,SPARK
30527326,PYTHON
30527326,SQL
30646658,EXCEL
30111927,PYTHON
30111927,AIRFLOW
30111927,SQL
30111927,GCP
30111927,DATABRICKS
30111927,C
30111927,R
30111927,SPARK
30425559,EXCEL
29946695,FLASK
29946695,PANDAS
29946695,PYTHON
29946695,SCIKIT-LEARN
29946695,R
29946695,SQL
29946695,NOSQL
29946695,AZURE
29946695,LEARNING
29946695,MATLAB
29946695,DATABRICKS
29946695,API
30672085,R
30672085,PYTHON
30672085,SQL
29699307,EXCEL
29699307,GCP
30510279,MYSQL
30510279,SQL
30510279,TERADATA
30510279,TABLEAU
30510279,DOMO
30614644,PYTHON
30614644,AWS
30614644,SQL
30614644,AZURE
30614644,LEARNING
30614644,GCP
30230601,GRAFANA
29969644,EXCEL
29969644,TABLEAU
29969644,SQL
29934532,SQL
30044689,SCALA
30044689,AZURE
30044689,PYTHON
30044689,DATABRICKS
30435892,EXCEL
30435892,SQL
30538258,PYTORCH
30538258,NUMPY
30538258,PANDAS
30538258,PYTHON
30538258,SCIKIT-LEARN
30538258,IA
30538258,GENERATIVA
30538258,ML
30538258,MATPLOTLIB
30538258,TENSORFLOW
30538258,SQL
30538258,KERAS
30538258,AZURE
30538258,HADOOP
30538258,WATSON
30538258,CAFFE
30538258,R
30538258,TABLEAU
30543176,PYTHON
30543176,SQL
30543176,LEARNING
30543176,GCP
30543176,BIGQUERY
30543176,R
30627323,R
30627323,TABLEAU
30627323,PYTHON
30627323,SQL
30355283,FLASK
30355283,NUMPY
30355283,PANDAS
30355283,PYTHON
30355283,GITHUB
30355283,IA
30355283,BIGQUERY
30355283,GCP
30637138,EXCEL
30255103,R
30255103,SQL
29866042,PYTHON
29866042,SCALA
29866042,AZURE
29866042,DATABRICKS
29866042,SPARK
30534013,PYTHON
30534013,SQL
30534013,LEARNING
30534013,R
30534013,TABLEAU
30614096,TABLEAU
30277440,PYTHON
30277440,SCRAPY
30277440,BEAUTIFULSOUP
30277440,SQL
30277440,LEARNING
30277440,TABLEAU
30487145,EXCEL
30132650,PYTHON
30132650,AIRFLOW
30132650,SQL
30132650,NOSQL
30132650,GCP
30395252,PYTHON
30395252,SQL
30395252,R
30395252,TABLEAU
30395252,QLIKVIEW
29969560,PYTHON
29969560,SQL
29969560,AZURE
29969560,DATABRICKS
29969560,API
30330972,EXCEL
30330972,TABLEAU
30330972,SQL
29797497,EXCEL
29797497,TABLEAU
29797497,SQL
30076783,EXCEL
30076783,TABLEAU
30076783,SQL
30648672,TERRAFORM
30648672,SQL
30648672,PYTHON
30648672,JAVA
30672142,TABLEAU
30672142,SQL
30216854,AZURE
30068460,EXCEL
30015621,PL/SQL
30015621,IA
30015621,GENERATIVA
30306466,PYTHON
30306466,SQL
30303578,API
30303578,PYTHON
30303578,SQL
29240644,EXCEL
29119549,PYTHON
29119549,JAVASCRIPT
30077453,PYTHON
30077453,AIRFLOW
30077453,PYSPARK
30077453,SQL
30077453,LEARNING
30077453,DEEP
30427409,PYTORCH
30427409,NUMPY
30427409,PANDAS
30427409,PYTHON
30427409,AWS
30427409,SEABORN
30427409,SCIKIT-LEARN
30427409,SQL
30427409,TENSORFLOW
30427409,MATPLOTLIB
30427409,NOSQL
30427409,AZURE
30427409,LEARNING
30427409,HADOOP
30427409,R
30427409,TABLEAU
30427409,SPARK
30342934,REST
30342934,PYTHON
30342934,KUBERNETES
30342934,SOAP
30342934,GIT
30342934,HBASE
30342934,CLOUDERA
30342934,SCALA
30342934,HADOOP
30342934,LINUX
30664732,PYTHON
30664732,SPARK
30664732,SQL
30664732,SCALA
30664732,NOSQL
30664732,AZURE
30664732,DATABRICKS
30664732,CASSANDRA
30033103,NUMPY
30033103,PANDAS
30033103,PYTHON
30033103,EXCEL
30033103,SQL
30665766,EXCEL
30494549,ML
30494549,LEARNING
30552485,MYSQL
30552485,KAFKA
30552485,AIRFLOW
30552485,AWS
30552485,MONGODB
30552485,HADOOP
30552485,POSTGRESQL
30552485,SPARK
30541757,PYTHON
30541757,AWS
30541757,EXCEL
30541757,SQL
30541757,POWERBI
30541757,QLIKSENSE
30503017,PYTHON
30503017,GITHUB
30503017,AWS
30503017,PL/SQL
30503017,AZURE
30503017,DATABRICKS
30503017,SPARK
29797663,AWS
30200783,SQL
30073339,EXCEL
29990048,EXCEL
30185368,POWERBI
30185368,SQL
30132253,PYTHON
30132253,AIRFLOW
30132253,SQL
30132253,NOSQL
30132253,GCP
30672146,EXCEL
30672146,SQL
30377092,EXCEL
30105194,EXCEL
30511110,MYSQL
30511110,SQL
30511110,TERADATA
30511110,TABLEAU
30511110,DOMO
30615492,MYSQL
30615492,PYTHON
30615492,SNOWFLAKE
30615492,SQL
30615492,POSTGRESQL
30114536,QLIK
30314585,POWERBI
30314585,MYSQL
30530512,PYTHON
30530512,TABLEAU
30530512,GIT
30530512,SQL
30530512,NOSQL
30530512,LEARNING
30530512,POWERBI
30530512,DEEP
30550412,PYTHON
30550412,AIRFLOW
30550412,AWS
30550412,AZURE
30550412,GCP
30473336,PYTHON
30473336,SQL
30616620,HIVE
30616620,PYTHON
30616620,TERRAFORM
30616620,SQL
30616620,GCP
30616620,HADOOP
30616620,SPARK
30624588,EXCEL
30624588,LEARNING
30624588,PYTHON
30624588,SQL
30320547,SQL
30320547,TABLEAU
30320547,QLIKVIEW
30120234,PYTHON
30120234,AWS
30120234,SPARK
30120234,JAVA
30120234,SCALA
30120234,NOSQL
30120234,SQL
30120234,HADOOP
30120234,REDSHIFT
27111430,LEARNING
27111430,PANDAS
27111430,SQL
30473733,EXCEL
29892678,EXCEL
29892678,PYTHON
29892678,SQL
30424845,EXCEL
30210624,PYTHON
30210624,KUBERNETES
30210624,PYSPARK
30210624,AZURE
30210624,DATABRICKS
30210624,C
30210624,R
30210624,SPARK
29890629,PYTHON
29890629,EXCEL
29890629,SQL
29890629,QLIK
29890629,R
29890629,TABLEAU
30639303,SAS
30639303,PYTHON
30639303,AZURE
30639303,DATABRICKS
30639303,POWERBI
30639303,TABLEAU
30672567,SQL
30504154,PYTHON
30526833,NOSQL
30526833,AZURE
30526833,PYTHON
30526833,SQL
30053740,EXCEL
30471716,QLIK
30471716,SQL
30471716,LEARNING
30471716,PL/SQL
30110228,EXCEL
30143248,LINUX
30633965,ML
30633965,LEARNING
30633965,GCP
30633965,BIGQUERY
29820450,PYTHON
29820450,AWS
29820450,SQL
29820450,LEARNING
29820450,R
29820450,REDSHIFT
30561062,MYSQL
30561062,SQL
30561062,MONGODB
30561062,BIGQUERY
30561062,GCP
30561062,QLIK
30561062,POSTGRESQL
28818811,PYTHON
28818811,JAVA
28818811,SQL
28818811,CLOUDERA
28818811,LEARNING
30474847,PYTHON
30474847,SQL
30099229,EXCEL
30533960,PYTORCH
30533960,PYTHON
30533960,AWS
30533960,GIT
30533960,SQL
30533960,TENSORFLOW
30533960,LEARNING
30533960,KERAS
30533960,BIGQUERY
30533960,GCP
30533960,DEEP
30637194,EXCEL
30637194,TABLEAU
30637194,SQL
30108808,AZURE
30612734,EXCEL
29818677,PYTHON
29818677,SQL
30415435,AZURE
30415435,PYTHON
30415435,AWS
30415435,SQL
30200376,SQL
29778382,HADOOP
29778382,PYSPARK
29778382,TABLEAU
29778382,SQL
30662951,PYTHON
30662951,AIRFLOW
30662951,SQL
30662951,GCP
30662951,BIGQUERY
30662951,LOOKER
30518965,LOOKER
377268f6d813606c,PYTHON
377268f6d813606c,AWS
377268f6d813606c,JUPYTER
377268f6d813606c,IA
377268f6d813606c,GRAFANA
377268f6d813606c,LEARNING
377268f6d813606c,R
377268f6d813606c,TABLEAU
c4a8fac135e49e9d,SAS
c4a8fac135e49e9d,SQL
6f804a8ff53235fd,PYTHON
6f804a8ff53235fd,GIT
6f804a8ff53235fd,GCP
6f804a8ff53235fd,SQL
a4cd124421f65d07,PYTHON
a4cd124421f65d07,AIRFLOW
a4cd124421f65d07,PYSPARK
a4cd124421f65d07,SQL
a4cd124421f65d07,LEARNING
a4cd124421f65d07,DEEP
c117f359f737a96c,EXCEL
c117f359f737a96c,TABLEAU
64478d130c8394b0,SAS
64478d130c8394b0,REST
64478d130c8394b0,SHINY
64478d130c8394b0,PYTHON
64478d130c8394b0,D3
64478d130c8394b0,C++
64478d130c8394b0,SQL
64478d130c8394b0,LEARNING
64478d130c8394b0,MATLAB
64478d130c8394b0,QLIK
64478d130c8394b0,R
64478d130c8394b0,TABLEAU
64478d130c8394b0,XGBOOST
882fc315f9bafa93,POWERBI
882fc315f9bafa93,SQL
6f804a8ff53235fd,PYTHON
6f804a8ff53235fd,GIT
6f804a8ff53235fd,GCP
6f804a8ff53235fd,SQL
34be45633a7024bf,PYTHON
34be45633a7024bf,SQL
4392c4e1235871b0,PYTHON
4392c4e1235871b0,GIT
4392c4e1235871b0,SQL
4392c4e1235871b0,DOCKER
4392c4e1235871b0,ELASTICSEARCH
ad8a4e1fc2361e8a,PYTHON
ad8a4e1fc2361e8a,SQL
cd3e11eb65d0c1c8,MYSQL
cd3e11eb65d0c1c8,TABLEAU
cd3e11eb65d0c1c8,EXCEL
cd3e11eb65d0c1c8,SQL
5b0862b80c0b9a85,SAS
5b0862b80c0b9a85,PYTHON
5b0862b80c0b9a85,SQL
5b0862b80c0b9a85,JAVA
5b0862b80c0b9a85,AZURE
5b0862b80c0b9a85,SPSS
5b0862b80c0b9a85,R
06d1d7faac0cd98e,PYTHON
06d1d7faac0cd98e,EXCEL
06d1d7faac0cd98e,SQL
06d1d7faac0cd98e,R
06d1d7faac0cd98e,TABLEAU
0f9ce731fc7c55a0,API
0f9ce731fc7c55a0,PYTHON
0f9ce731fc7c55a0,EXCEL
0f9ce731fc7c55a0,SQL
b83e454e7b0ece1b,SQL
b83e454e7b0ece1b,PYTHON
b83e454e7b0ece1b,DATABRICKS
98ef9d6c4b13aecc,PANDAS
98ef9d6c4b13aecc,PYTHON
98ef9d6c4b13aecc,AIRFLOW
98ef9d6c4b13aecc,AWS
98ef9d6c4b13aecc,SCIKIT-LEARN
98ef9d6c4b13aecc,SQL
98ef9d6c4b13aecc,TENSORFLOW
98ef9d6c4b13aecc,LEARNING
98ef9d6c4b13aecc,REDSHIFT
90283ed710294988,PYTHON
90283ed710294988,R
90283ed710294988,GIT
90283ed710294988,LEARNING
90283ed710294988,POWERBI
90283ed710294988,TABLEAU
b4a465b854a4a4aa,PYSPARK
b4a465b854a4a4aa,PYTHON
b4a465b854a4a4aa,BIGQUERY
b4a465b854a4a4aa,SQL
6be4ad832528c50e,EXCEL
6be4ad832528c50e,QLIKVIEW
25dd5ac771a1296c,HIVE
25dd5ac771a1296c,SQL
25dd5ac771a1296c,TABLEAU
25dd5ac771a1296c,D3
e62590ac11f869be,HADOOP
e62590ac11f869be,PYTHON
e62590ac11f869be,EXCEL
e62590ac11f869be,IA
e62590ac11f869be,SQL
e62590ac11f869be,NOSQL
e62590ac11f869be,AZURE
e62590ac11f869be,LEARNING
e62590ac11f869be,DATABRICKS
e62590ac11f869be,TABLEAU
e62590ac11f869be,SPARK
a45c57ab1364c337,GITHUB
485cb91ddc63955c,MYSQL
485cb91ddc63955c,EXCEL
0b3869d90d665db9,PYTHON
0b3869d90d665db9,AIRFLOW
0b3869d90d665db9,IA
0b3869d90d665db9,GIT
0b3869d90d665db9,SQL
0b3869d90d665db9,NOSQL
0b3869d90d665db9,DOCKER
0b3869d90d665db9,C
0b3869d90d665db9,R
5376a786f504c7a5,PYTORCH
5376a786f504c7a5,PYTHON
5376a786f504c7a5,GITHUB
5376a786f504c7a5,IA
5376a786f504c7a5,GIT
5376a786f504c7a5,TENSORFLOW
5376a786f504c7a5,LEARNING
5376a786f504c7a5,DEEP
df1c21dbd879e571,SPARK
df1c21dbd879e571,PYTHON
df1c21dbd879e571,SQL
13adec942b48cc1e,TABLEAU
10e96bc2f238d179,PYTHON
10e96bc2f238d179,IA
063ea21a92c084d7,R
063ea21a92c084d7,PYTHON
063ea21a92c084d7,LOOKER
063ea21a92c084d7,LEARNING
5c7dde1e9b0df8e0,AZURE
5c7dde1e9b0df8e0,PYTHON
5c7dde1e9b0df8e0,DATABRICKS
25add1bb9453283b,PYTHON
25add1bb9453283b,EXCEL
25add1bb9453283b,SQL
25add1bb9453283b,LEARNING
25add1bb9453283b,R
25add1bb9453283b,TABLEAU
e90b5ef220ec5123,EXCEL
e90b5ef220ec5123,TABLEAU
af9879800ed91217,PYTHON
af9879800ed91217,AWS
af9879800ed91217,SQL
af9879800ed91217,AZURE
af9879800ed91217,GCP
96ebf5b0fd097afa,EXCEL
5d9b24dede417190,METABASE
5d9b24dede417190,PYTHON
5d9b24dede417190,GITHUB
5d9b24dede417190,SQL
5d9b24dede417190,LEARNING
5d9b24dede417190,DATABRICKS
5d9b24dede417190,TABLEAU
022fe6216b1cce05,PYTORCH
022fe6216b1cce05,ML
022fe6216b1cce05,TENSORFLOW
022fe6216b1cce05,AZURE
022fe6216b1cce05,LEARNING
022fe6216b1cce05,KERAS
022fe6216b1cce05,HADOOP
022fe6216b1cce05,WATSON
022fe6216b1cce05,CAFFE
36055acc02da1d7f,PYTHON
36055acc02da1d7f,AWS
36055acc02da1d7f,GITHUB
36055acc02da1d7f,EXCEL
36055acc02da1d7f,SQL
36055acc02da1d7f,POSTGRESQL
36055acc02da1d7f,JAVASCRIPT
1cf17091330c0b9f,EXCEL
1cf17091330c0b9f,PYTHON
6b9867cc81337e02,R
6b9867cc81337e02,PYTHON
6b9867cc81337e02,EXCEL
6b9867cc81337e02,SQL
b2c68111e406689e,R
b2c68111e406689e,PYTHON
04eb45ed981e3dab,PYTHON
04eb45ed981e3dab,R
04eb45ed981e3dab,IA
04eb45ed981e3dab,SQL
b4a465b854a4a4aa,PYSPARK
b4a465b854a4a4aa,PYTHON
b4a465b854a4a4aa,BIGQUERY
b4a465b854a4a4aa,SQL
6870e443099db273,EXCEL
52a6c0215e416766,PYTORCH
52a6c0215e416766,FLASK
52a6c0215e416766,HIVE
52a6c0215e416766,KAFKA
52a6c0215e416766,SEABORN
52a6c0215e416766,DOCKER
52a6c0215e416766,MONGODB
52a6c0215e416766,R
52a6c0215e416766,TERRAFORM
52a6c0215e416766,TENSORFLOW
52a6c0215e416766,MYSQL
52a6c0215e416766,KUBERNETES
52a6c0215e416766,SCIKIT-LEARN
52a6c0215e416766,LIGHTGBM
52a6c0215e416766,HADOOP
52a6c0215e416766,DEEP
52a6c0215e416766,XGBOOST
52a6c0215e416766,PANDAS
52a6c0215e416766,PYTHON
52a6c0215e416766,AIRFLOW
52a6c0215e416766,PROMETHEUS
52a6c0215e416766,MATPLOTLIB
52a6c0215e416766,LEARNING
52a6c0215e416766,SPARK
0d9706135db9ca84,REST
0d9706135db9ca84,PYTHON
0d9706135db9ca84,R
0d9706135db9ca84,SQL
0d9706135db9ca84,SCALA
0d9706135db9ca84,AZURE
0d9706135db9ca84,DATABRICKS
0d9706135db9ca84,API
9e1d18c117d7ceb6,LEARNING
9e1d18c117d7ceb6,PYTHON
9e1d18c117d7ceb6,SQL
ba190ced8393a907,PYTORCH
ba190ced8393a907,PYTHON
ba190ced8393a907,SCIKIT-LEARN
ba190ced8393a907,TENSORFLOW
2a0ca5cef4b721e1,PYTHON
2a0ca5cef4b721e1,AIRFLOW
2a0ca5cef4b721e1,SQL
2a0ca5cef4b721e1,NOSQL
2a0ca5cef4b721e1,GCP
ba190ced8393a907,PYTORCH
ba190ced8393a907,PYTHON
ba190ced8393a907,SCIKIT-LEARN
ba190ced8393a907,TENSORFLOW
a45c57ab1364c337,GITHUB
fa2d6d7c5f002052,PYTHON
fa2d6d7c5f002052,PYSPARK
fa2d6d7c5f002052,GIT
fa2d6d7c5f002052,SQL
fa2d6d7c5f002052,LEARNING
fa2d6d7c5f002052,DATABRICKS
76b100dffc825787,PYTHON
76b100dffc825787,GITHUB
76b100dffc825787,AWS
76b100dffc825787,LEARNING
76b100dffc825787,XGBOOST
c3bda923ba4fc14a,PYTORCH
c3bda923ba4fc14a,PYTHON
c3bda923ba4fc14a,AWS
c3bda923ba4fc14a,SCIKIT-LEARN
c3bda923ba4fc14a,SNOWFLAKE
c3bda923ba4fc14a,SQL
c3bda923ba4fc14a,TENSORFLOW
c3bda923ba4fc14a,DOCKER
c3bda923ba4fc14a,LEARNING
c3bda923ba4fc14a,GCP
c3bda923ba4fc14a,SPARK
1b1335a7e9ae1cfd,MYSQL
1b1335a7e9ae1cfd,PYTHON
1b1335a7e9ae1cfd,AIRFLOW
1b1335a7e9ae1cfd,AWS
1b1335a7e9ae1cfd,SQL
1b1335a7e9ae1cfd,DOCKER
1b1335a7e9ae1cfd,POSTGRESQL
7ce77e28e1ce18c3,PYTHON
7ce77e28e1ce18c3,AIRFLOW
7ce77e28e1ce18c3,AWS
7ce77e28e1ce18c3,SPARK
7ce77e28e1ce18c3,GIT
7ce77e28e1ce18c3,SQL
7ce77e28e1ce18c3,DOCKER
7ce77e28e1ce18c3,LEARNING
7ce77e28e1ce18c3,DATABRICKS
7ce77e28e1ce18c3,R
7ce77e28e1ce18c3,LINUX
7ce77e28e1ce18c3,JAVASCRIPT
4b271199612315a4,PYTHON
4b271199612315a4,AIRFLOW
4b271199612315a4,AWS
4b271199612315a4,SQL
4b271199612315a4,SCALA
4b271199612315a4,AZURE
4b271199612315a4,GCP
4b271199612315a4,R
4b271199612315a4,SPARK
22fb6a9695366206,SQL
a45c57ab1364c337,GITHUB
e90b5ef220ec5123,EXCEL
e90b5ef220ec5123,TABLEAU
1ea5622221d1223d,NUMPY
1ea5622221d1223d,PANDAS
1ea5622221d1223d,PYTHON
1ea5622221d1223d,AWS
1ea5622221d1223d,SCIKIT-LEARN
1ea5622221d1223d,IA
1ea5622221d1223d,SQL
1ea5622221d1223d,NOSQL
1ea5622221d1223d,LEARNING
28a0caad53a72432,PYTHON
28a0caad53a72432,SQL
28a0caad53a72432,R
28a0caad53a72432,TABLEAU
28a0caad53a72432,QLIKVIEW
063ea21a92c084d7,R
063ea21a92c084d7,PYTHON
063ea21a92c084d7,LOOKER
063ea21a92c084d7,LEARNING
55fe295845113ed5,AZURE
55fe295845113ed5,LINUX
55fe295845113ed5,SQL
d1c7f24742fc374f,R
d1c7f24742fc374f,PYTHON
d1c7f24742fc374f,EXCEL
d1c7f24742fc374f,SQL
91ab5217c9690c55,PYTORCH
91ab5217c9690c55,NUMPY
91ab5217c9690c55,PLOTLY
91ab5217c9690c55,PANDAS
91ab5217c9690c55,PYTHON
91ab5217c9690c55,SCIKIT-LEARN
91ab5217c9690c55,SEABORN
91ab5217c9690c55,SQL
91ab5217c9690c55,TENSORFLOW
91ab5217c9690c55,MATPLOTLIB
91ab5217c9690c55,LEARNING
91ab5217c9690c55,KERAS
91ab5217c9690c55,DEEP
91ab5217c9690c55,GENSIM
91ab5217c9690c55,NLTK
24546b7565080ac6,EXCEL
9be4f14b5a07f995,LOOKER
9be4f14b5a07f995,SQL
94acf5099f53e834,EXCEL
9e1d18c117d7ceb6,LEARNING
9e1d18c117d7ceb6,PYTHON
9e1d18c117d7ceb6,SQL
36055acc02da1d7f,PYTHON
36055acc02da1d7f,AWS
36055acc02da1d7f,GITHUB
36055acc02da1d7f,EXCEL
36055acc02da1d7f,SQL
36055acc02da1d7f,POSTGRESQL
36055acc02da1d7f,JAVASCRIPT
b5d9d88b2b9a8b68,PYTHON
b5d9d88b2b9a8b68,SQL
3864e4f5837c163f,PYTHON
3864e4f5837c163f,SQL
3864e4f5837c163f,MATPLOTLIB
3864e4f5837c163f,LEARNING
3864e4f5837c163f,R
9e1d18c117d7ceb6,LEARNING
9e1d18c117d7ceb6,PYTHON
9e1d18c117d7ceb6,SQL
46457b5b1e314e02,AZURE
46457b5b1e314e02,PYTHON
46457b5b1e314e02,GCP
46457b5b1e314e02,SQL
35b9c6fe2418abc4,PYTHON
35b9c6fe2418abc4,KAFKA
35b9c6fe2418abc4,AWS
35b9c6fe2418abc4,AIRFLOW
35b9c6fe2418abc4,PYSPARK
35b9c6fe2418abc4,IA
8584ebdfd2519333,PYTHON
8584ebdfd2519333,SNOWFLAKE
8584ebdfd2519333,SQL
8584ebdfd2519333,BIGQUERY
8584ebdfd2519333,R
8584ebdfd2519333,TABLEAU
8584ebdfd2519333,LOOKER
8584ebdfd2519333,QLIKVIEW
22f67b4ee8b27c7f,PYTHON
22f67b4ee8b27c7f,AIRFLOW
22f67b4ee8b27c7f,AWS
22f67b4ee8b27c7f,PYSPARK
22f67b4ee8b27c7f,SQL
22f67b4ee8b27c7f,ML
22f67b4ee8b27c7f,LEARNING
22f67b4ee8b27c7f,GCP
22f67b4ee8b27c7f,DATABRICKS
6be4ad832528c50e,EXCEL
6be4ad832528c50e,QLIKVIEW
1db4e4f298a77b86,PYTHON
1db4e4f298a77b86,KUBERNETES
1db4e4f298a77b86,AWS
1db4e4f298a77b86,IA
1db4e4f298a77b86,SQL
1db4e4f298a77b86,DOCKER
1db4e4f298a77b86,LEARNING
1db4e4f298a77b86,GCP
063ea21a92c084d7,R
063ea21a92c084d7,PYTHON
063ea21a92c084d7,LOOKER
063ea21a92c084d7,LEARNING
0b3869d90d665db9,PYTHON
0b3869d90d665db9,AIRFLOW
0b3869d90d665db9,IA
0b3869d90d665db9,GIT
0b3869d90d665db9,SQL
0b3869d90d665db9,NOSQL
0b3869d90d665db9,DOCKER
0b3869d90d665db9,C
0b3869d90d665db9,R
57faf5e3a373e000,ML
57faf5e3a373e000,PYTHON
57faf5e3a373e000,SQL
eeebe72bd4275bb6,PYTORCH
eeebe72bd4275bb6,NUMPY
eeebe72bd4275bb6,PANDAS
eeebe72bd4275bb6,PYTHON
eeebe72bd4275bb6,AWS
eeebe72bd4275bb6,SCIKIT-LEARN
eeebe72bd4275bb6,SQL
eeebe72bd4275bb6,TENSORFLOW
eeebe72bd4275bb6,AZURE
eeebe72bd4275bb6,LEARNING
eeebe72bd4275bb6,TABLEAU
49b3639cf0201eb5,PYTHON
49b3639cf0201eb5,SQL
3314a57d82c43db4,POWERBI
3314a57d82c43db4,GIT
3314a57d82c43db4,SQL
98a3b77151d0518f,MYSQL
98a3b77151d0518f,PYTHON
98a3b77151d0518f,SQL
98a3b77151d0518f,NOSQL
98a3b77151d0518f,GCP
98a3b77151d0518f,R
2daf93422e020d65,METABASE
2daf93422e020d65,PYTHON
2daf93422e020d65,AIRFLOW
2daf93422e020d65,AWS
2daf93422e020d65,PYSPARK
2daf93422e020d65,GIT
2daf93422e020d65,SQL
2daf93422e020d65,DATABRICKS
2daf93422e020d65,POWERBI
2daf93422e020d65,TABLEAU
f512ee274d634ae0,NUMPY
f512ee274d634ae0,PLOTLY
f512ee274d634ae0,HADOOP
f512ee274d634ae0,PANDAS
f512ee274d634ae0,PYTHON
f512ee274d634ae0,AIRFLOW
f512ee274d634ae0,AWS
f512ee274d634ae0,SEABORN
f512ee274d634ae0,SCIKIT-LEARN
f512ee274d634ae0,GIT
f512ee274d634ae0,SQL
f512ee274d634ae0,ML
f512ee274d634ae0,TENSORFLOW
f512ee274d634ae0,AZURE
f512ee274d634ae0,LEARNING
f512ee274d634ae0,BIGQUERY
f512ee274d634ae0,GCP
f512ee274d634ae0,SPARK
36055acc02da1d7f,PYTHON
36055acc02da1d7f,AWS
36055acc02da1d7f,GITHUB
36055acc02da1d7f,EXCEL
36055acc02da1d7f,SQL
36055acc02da1d7f,POSTGRESQL
36055acc02da1d7f,JAVASCRIPT
41427546a9ab8462,SCALA
41427546a9ab8462,R
41427546a9ab8462,NOSQL
41427546a9ab8462,SQL
d1c7f24742fc374f,R
d1c7f24742fc374f,PYTHON
d1c7f24742fc374f,EXCEL
d1c7f24742fc374f,SQL
f48f1205d4e82782,HADOOP
f48f1205d4e82782,PYTHON
f48f1205d4e82782,KAFKA
f48f1205d4e82782,SQL
f48f1205d4e82782,AZURE
f48f1205d4e82782,DATABRICKS
f48f1205d4e82782,API
f48f1205d4e82782,SPARK
d8dfc1a28d2d5f40,ML
d8dfc1a28d2d5f40,LEARNING
d8dfc1a28d2d5f40,PYTHON
d8dfc1a28d2d5f40,AWS
91ab5217c9690c55,PYTORCH
91ab5217c9690c55,NUMPY
91ab5217c9690c55,PLOTLY
91ab5217c9690c55,PANDAS
91ab5217c9690c55,PYTHON
91ab5217c9690c55,SCIKIT-LEARN
91ab5217c9690c55,SEABORN
91ab5217c9690c55,SQL
91ab5217c9690c55,TENSORFLOW
91ab5217c9690c55,MATPLOTLIB
91ab5217c9690c55,LEARNING
91ab5217c9690c55,KERAS
91ab5217c9690c55,DEEP
91ab5217c9690c55,GENSIM
91ab5217c9690c55,NLTK
d1c7f24742fc374f,R
d1c7f24742fc374f,PYTHON
d1c7f24742fc374f,EXCEL
d1c7f24742fc374f,SQL
8584ebdfd2519333,PYTHON
8584ebdfd2519333,SNOWFLAKE
8584ebdfd2519333,SQL
8584ebdfd2519333,BIGQUERY
8584ebdfd2519333,R
8584ebdfd2519333,TABLEAU
8584ebdfd2519333,LOOKER
8584ebdfd2519333,QLIKVIEW
0afb338b0b7a55e8,SQL
94acf5099f53e834,EXCEL
0f9ce731fc7c55a0,API
0f9ce731fc7c55a0,PYTHON
0f9ce731fc7c55a0,EXCEL
0f9ce731fc7c55a0,SQL
1bffaa1037a11695,R
1bffaa1037a11695,PYTHON
1bffaa1037a11695,LEARNING
c7f96511cf50f1ed,PYTHON
c7f96511cf50f1ed,EXCEL
c7f96511cf50f1ed,IA
c7f96511cf50f1ed,SQL
c7f96511cf50f1ed,LEARNING
c7f96511cf50f1ed,LOOKER
08fd7c7d6bc3b0cd,R
08fd7c7d6bc3b0cd,PYTHON
08fd7c7d6bc3b0cd,SQL
3ee66e5eb65a4673,PYTHON
3ee66e5eb65a4673,SQL
3ee66e5eb65a4673,MATPLOTLIB
3ee66e5eb65a4673,LEARNING
3ee66e5eb65a4673,R
7fe29e86fab48b2e,PYTHON
7fe29e86fab48b2e,KAFKA
7fe29e86fab48b2e,AIRFLOW
7fe29e86fab48b2e,PYSPARK
7fe29e86fab48b2e,SQL
7fe29e86fab48b2e,LEARNING
809d9e6450db77f7,AZURE
809d9e6450db77f7,SPARK
809d9e6450db77f7,PYTHON
809d9e6450db77f7,SQL
d6238787d65e9229,PYTHON
d6238787d65e9229,AIRFLOW
d6238787d65e9229,AWS
d6238787d65e9229,PYSPARK
d6238787d65e9229,JAVA
d6238787d65e9229,SCALA
d6238787d65e9229,SQL
d6238787d65e9229,GCP
d6238787d65e9229,DATABRICKS
d6238787d65e9229,SPARK
f6cfe70fd8b9bf14,SAS
f6cfe70fd8b9bf14,PYTHON
f6cfe70fd8b9bf14,SQL
af9879800ed91217,PYTHON
af9879800ed91217,AWS
af9879800ed91217,SQL
af9879800ed91217,AZURE
af9879800ed91217,GCP
33a6d8ea74101d14,NUMPY
33a6d8ea74101d14,PANDAS
33a6d8ea74101d14,PYTHON
33a6d8ea74101d14,AIRFLOW
33a6d8ea74101d14,AWS
33a6d8ea74101d14,SCIKIT-LEARN
33a6d8ea74101d14,SPARK
33a6d8ea74101d14,SQL
33a6d8ea74101d14,AZURE
33a6d8ea74101d14,LEARNING
33a6d8ea74101d14,MONGODB
33a6d8ea74101d14,DATABRICKS
33a6d8ea74101d14,REDSHIFT
e8460291ff49632d,EXCEL
e8460291ff49632d,LEARNING
e8460291ff49632d,SQL
96ebf5b0fd097afa,EXCEL
2fb68434d87c27fe,IA
2fb68434d87c27fe,LEARNING
2fb68434d87c27fe,TABLEAU
2fb68434d87c27fe,LOOKER
2fb68434d87c27fe,QLIKVIEW
0afb338b0b7a55e8,SQL
fc6f0b890d4353b4,PYTHON
fc6f0b890d4353b4,SQL
fc6f0b890d4353b4,AZURE
fc6f0b890d4353b4,DATABRICKS
fc6f0b890d4353b4,SPARK
a45c57ab1364c337,GITHUB
b4a465b854a4a4aa,PYSPARK
b4a465b854a4a4aa,PYTHON
b4a465b854a4a4aa,BIGQUERY
b4a465b854a4a4aa,SQL
ae9f68036e22aa57,API
ae9f68036e22aa57,PYTHON
ae9f68036e22aa57,SQL
df1c21dbd879e571,SPARK
df1c21dbd879e571,PYTHON
df1c21dbd879e571,SQL
fa2d6d7c5f002052,PYTHON
fa2d6d7c5f002052,PYSPARK
fa2d6d7c5f002052,GIT
fa2d6d7c5f002052,SQL
fa2d6d7c5f002052,LEARNING
fa2d6d7c5f002052,DATABRICKS
5d9b24dede417190,METABASE
5d9b24dede417190,PYTHON
5d9b24dede417190,GITHUB
5d9b24dede417190,SQL
5d9b24dede417190,LEARNING
5d9b24dede417190,DATABRICKS
5d9b24dede417190,TABLEAU
521e214835e1ff4a,SAS
521e214835e1ff4a,PYTHON
521e214835e1ff4a,EXCEL
521e214835e1ff4a,SQL
521e214835e1ff4a,R
f86d719b8343180b,EXCEL
f86d719b8343180b,SQL
691bc871c226d1df,DATAFRAMES
691bc871c226d1df,PYSPARK
691bc871c226d1df,SQL
691bc871c226d1df,AZURE
691bc871c226d1df,DATABRICKS
d1c7f24742fc374f,R
d1c7f24742fc374f,PYTHON
d1c7f24742fc374f,EXCEL
d1c7f24742fc374f,SQL
02c011ea4cfb8810,PYTHON
02c011ea4cfb8810,AIRFLOW
02c011ea4cfb8810,AWS
02c011ea4cfb8810,SPARK
02c011ea4cfb8810,GIT
02c011ea4cfb8810,SQL
02c011ea4cfb8810,DOCKER
02c011ea4cfb8810,LEARNING
02c011ea4cfb8810,DATABRICKS
02c011ea4cfb8810,R
02c011ea4cfb8810,LINUX
02c011ea4cfb8810,JAVASCRIPT
080310dfcb90bf0d,PYTHON
080310dfcb90bf0d,AWS
080310dfcb90bf0d,IA
080310dfcb90bf0d,SQL
080310dfcb90bf0d,SCALA
080310dfcb90bf0d,AZURE
080310dfcb90bf0d,LEARNING
080310dfcb90bf0d,GCP
080310dfcb90bf0d,DEEP
080310dfcb90bf0d,SPARK
12e74cbcc72846ca,AWS
6b9867cc81337e02,R
6b9867cc81337e02,PYTHON
6b9867cc81337e02,EXCEL
6b9867cc81337e02,SQL
c49c670e41d3b4f1,ALTERYX
c49c670e41d3b4f1,PYTHON
c49c670e41d3b4f1,JAVA
c49c670e41d3b4f1,SCALA
c49c670e41d3b4f1,SQL
c49c670e41d3b4f1,AZURE
c49c670e41d3b4f1,LEARNING
c49c670e41d3b4f1,POWERBI
c49c670e41d3b4f1,T-SQL
c49c670e41d3b4f1,QLIK
c49c670e41d3b4f1,R
c49c670e41d3b4f1,TABLEAU
0cb127b0c67d7e64,PYTHON
0cb127b0c67d7e64,PYSPARK
0cb127b0c67d7e64,GIT
0cb127b0c67d7e64,SQL
0cb127b0c67d7e64,DATABRICKS
e8488748c3cf6369,HADOOP
e8488748c3cf6369,PYTHON
e8488748c3cf6369,KAFKA
e8488748c3cf6369,AIRFLOW
e8488748c3cf6369,SPARK
e8488748c3cf6369,GIT
e8488748c3cf6369,SQL
e8488748c3cf6369,NOSQL
e8488748c3cf6369,MONGODB
e8488748c3cf6369,DATABRICKS
e8488748c3cf6369,CASSANDRA
52a6c0215e416766,PYTORCH
52a6c0215e416766,FLASK
52a6c0215e416766,HIVE
52a6c0215e416766,KAFKA
52a6c0215e416766,SEABORN
52a6c0215e416766,DOCKER
52a6c0215e416766,MONGODB
52a6c0215e416766,R
52a6c0215e416766,TERRAFORM
52a6c0215e416766,TENSORFLOW
52a6c0215e416766,MYSQL
52a6c0215e416766,KUBERNETES
52a6c0215e416766,SCIKIT-LEARN
52a6c0215e416766,LIGHTGBM
52a6c0215e416766,HADOOP
52a6c0215e416766,DEEP
52a6c0215e416766,XGBOOST
52a6c0215e416766,PANDAS
52a6c0215e416766,PYTHON
52a6c0215e416766,AIRFLOW
52a6c0215e416766,PROMETHEUS
52a6c0215e416766,MATPLOTLIB
52a6c0215e416766,LEARNING
52a6c0215e416766,SPARK
10dea38bbbf33a09,EXCEL
10dea38bbbf33a09,EXCEL
4bb315a49d1c56dc,POWERBI
4bb315a49d1c56dc,MYSQL
4bb315a49d1c56dc,SQL
e5084d107746dcb4,POWERBI
e5084d107746dcb4,PYTHON
e5084d107746dcb4,LOOKER
e5084d107746dcb4,SQL
82aa51561e7d1b1c,BIGQUERY
82aa51561e7d1b1c,SQL
9fafecbe59ed0312,PYTHON
9fafecbe59ed0312,AWS
9fafecbe59ed0312,PYSPARK
9fafecbe59ed0312,SQL
9fafecbe59ed0312,SCALA
9fafecbe59ed0312,LEARNING
9fafecbe59ed0312,GCP
9fafecbe59ed0312,R
9fafecbe59ed0312,LOOKER
9e1d18c117d7ceb6,LEARNING
9e1d18c117d7ceb6,PYTHON
9e1d18c117d7ceb6,SQL
07a9cc3db6c0ae40,TABLEAU
07a9cc3db6c0ae40,PYTHON
07a9cc3db6c0ae40,LOOKER
07a9cc3db6c0ae40,SQL
3af308e4571f8049,LEARNING
3af308e4571f8049,PYTHON
3af308e4571f8049,SQL
de4736e515be4ca1,SCALA
de4736e515be4ca1,AZURE
de4736e515be4ca1,PYTHON
de4736e515be4ca1,DATABRICKS
6b2ef2d898a20121,PYTORCH
6b2ef2d898a20121,PYTHON
6b2ef2d898a20121,AWS
6b2ef2d898a20121,GIT
6b2ef2d898a20121,SQL
6b2ef2d898a20121,TENSORFLOW
6b2ef2d898a20121,LEARNING
6b2ef2d898a20121,KERAS
6b2ef2d898a20121,BIGQUERY
6b2ef2d898a20121,GCP
6b2ef2d898a20121,DEEP
9e219353eaa73c26,PYTHON
9e219353eaa73c26,AIRFLOW
9e219353eaa73c26,TERRAFORM
9e219353eaa73c26,SNOWFLAKE
9e219353eaa73c26,GIT
9e219353eaa73c26,DOCKER
9e219353eaa73c26,HADOOP
9e219353eaa73c26,SPARK
94acf5099f53e834,EXCEL
7cac1a24b7a61c52,QLIK
7cac1a24b7a61c52,SQL
fc6f0b890d4353b4,PYTHON
fc6f0b890d4353b4,SQL
fc6f0b890d4353b4,AZURE
fc6f0b890d4353b4,DATABRICKS
fc6f0b890d4353b4,SPARK
0b3869d90d665db9,PYTHON
0b3869d90d665db9,AIRFLOW
0b3869d90d665db9,IA
0b3869d90d665db9,GIT
0b3869d90d665db9,SQL
0b3869d90d665db9,NOSQL
0b3869d90d665db9,DOCKER
0b3869d90d665db9,C
0b3869d90d665db9,R
36055acc02da1d7f,PYTHON
36055acc02da1d7f,AWS
36055acc02da1d7f,GITHUB
36055acc02da1d7f,EXCEL
36055acc02da1d7f,SQL
36055acc02da1d7f,POSTGRESQL
36055acc02da1d7f,JAVASCRIPT
36d6f7c17c731e7e,PYTHON
36d6f7c17c731e7e,EXCEL
36d6f7c17c731e7e,SQL
36d6f7c17c731e7e,NOSQL
36d6f7c17c731e7e,API
d55598e4f369ee4f,PYTORCH
d55598e4f369ee4f,PYTHON
d55598e4f369ee4f,AWS
d55598e4f369ee4f,SCIKIT-LEARN
d55598e4f369ee4f,JUPYTER
d55598e4f369ee4f,SQL
d55598e4f369ee4f,TENSORFLOW
d55598e4f369ee4f,NOSQL
d55598e4f369ee4f,AZURE
d55598e4f369ee4f,LEARNING
d55598e4f369ee4f,LIGHTGBM
d55598e4f369ee4f,HADOOP
d55598e4f369ee4f,R
d55598e4f369ee4f,DEEP
d55598e4f369ee4f,PCA
d55598e4f369ee4f,XGBOOST
d55598e4f369ee4f,SPARK
b72559d9163556f3,EXCEL
0a2a1921912047ba,EXCEL
0a2a1921912047ba,LEARNING
0a2a1921912047ba,PYTHON
0a2a1921912047ba,SQL
063ea21a92c084d7,R
063ea21a92c084d7,PYTHON
063ea21a92c084d7,LOOKER
063ea21a92c084d7,LEARNING
9b2ae1669501c012,ALTERYX
9b2ae1669501c012,R
9b2ae1669501c012,PYTHON
9b2ae1669501c012,SQL
b113b86bf1565a1e,EXCEL
10dea38bbbf33a09,EXCEL
e8c017d40317eb52,R
e8c017d40317eb52,TABLEAU
e8c017d40317eb52,PYTHON
e8c017d40317eb52,SQL
ac0ec384637ba31d,EXCEL
ac0ec384637ba31d,PYTHON
ac0ec384637ba31d,SQL
04db0f4932f61a9c,LEARNING
04db0f4932f61a9c,PYTHON
04db0f4932f61a9c,GIT
04db0f4932f61a9c,SQL
c6b158c568aea6d9,KAFKA
c6b158c568aea6d9,PYTHON
c6b158c568aea6d9,AWS
c6b158c568aea6d9,KUBERNETES
c6b158c568aea6d9,SPARK
c6b158c568aea6d9,ML
c6b158c568aea6d9,TENSORFLOW
c6b158c568aea6d9,DOCKER
c6b158c568aea6d9,AZURE
c6b158c568aea6d9,LEARNING
c6b158c568aea6d9,HADOOP
c6b158c568aea6d9,R
c6b158c568aea6d9,REDSHIFT
e0cfc095f84163ec,MYSQL
e0cfc095f84163ec,GIT
e0cfc095f84163ec,SQL
43660271eba820ef,PANDAS
43660271eba820ef,PYTHON
43660271eba820ef,SCIKIT-LEARN
43660271eba820ef,SQL
43660271eba820ef,TENSORFLOW
43660271eba820ef,AZURE
43660271eba820ef,DATABRICKS
43660271eba820ef,R
43660271eba820ef,TABLEAU
8256cc8a1db6dad8,PYTHON
8256cc8a1db6dad8,AWS
8256cc8a1db6dad8,IA
8256cc8a1db6dad8,GENERATIVA
8256cc8a1db6dad8,SQL
8256cc8a1db6dad8,LEARNING
8256cc8a1db6dad8,R
8256cc8a1db6dad8,PCA
e88787e82748ac21,PLOTLY
e88787e82748ac21,PANDAS
e88787e82748ac21,PYTHON
e88787e82748ac21,AWS
e88787e82748ac21,SEABORN
e88787e82748ac21,SNOWFLAKE
e88787e82748ac21,GITHUB
e88787e82748ac21,SCIKIT-LEARN
e88787e82748ac21,JUPYTER
e88787e82748ac21,GIT
e88787e82748ac21,SQL
e88787e82748ac21,ML
e88787e82748ac21,MATPLOTLIB
e88787e82748ac21,AZURE
e88787e82748ac21,LEARNING
e88787e82748ac21,GCP
e88787e82748ac21,QLIK
e88787e82748ac21,TABLEAU
9650dd9ab270bf4a,PANDAS
9650dd9ab270bf4a,PYTHON
9650dd9ab270bf4a,AWS
9650dd9ab270bf4a,PYSPARK
9650dd9ab270bf4a,SQL
9650dd9ab270bf4a,AZURE
9650dd9ab270bf4a,DATABRICKS
9650dd9ab270bf4a,POSTGRESQL
9650dd9ab270bf4a,REDSHIFT
b8cae2adec70a912,PYTHON
b8cae2adec70a912,IA
b8cae2adec70a912,SQL
b8cae2adec70a912,LEARNING
b8cae2adec70a912,GCP
b8cae2adec70a912,R
e90b5ef220ec5123,EXCEL
e90b5ef220ec5123,TABLEAU
7fec9c37b5234fe9,PYTHON
7fec9c37b5234fe9,PYSPARK
7fec9c37b5234fe9,SQL
7fec9c37b5234fe9,SCALA
7fec9c37b5234fe9,DATABRICKS
7fec9c37b5234fe9,R
7fec9c37b5234fe9,SPARK
e8c017d40317eb52,R
e8c017d40317eb52,TABLEAU
e8c017d40317eb52,PYTHON
e8c017d40317eb52,SQL
07a9cc3db6c0ae40,TABLEAU
07a9cc3db6c0ae40,PYTHON
07a9cc3db6c0ae40,LOOKER
07a9cc3db6c0ae40,SQL
882fc315f9bafa93,POWERBI
882fc315f9bafa93,SQL
5d9b24dede417190,METABASE
5d9b24dede417190,PYTHON
5d9b24dede417190,GITHUB
5d9b24dede417190,SQL
5d9b24dede417190,LEARNING
5d9b24dede417190,DATABRICKS
5d9b24dede417190,TABLEAU
64669e9463a0d5a1,NUMPY
64669e9463a0d5a1,PANDAS
64669e9463a0d5a1,PYTHON
64669e9463a0d5a1,SCIKIT-LEARN
64669e9463a0d5a1,PYSPARK
64669e9463a0d5a1,SQL
64669e9463a0d5a1,TENSORFLOW
64669e9463a0d5a1,LEARNING
64669e9463a0d5a1,HADOOP
998af9c01da9bd41,EXCEL
3a4135a518309d52,SCALA
3a4135a518309d52,AZURE
3a4135a518309d52,PYTHON
3a4135a518309d52,DATABRICKS
be77a58d19e0e4a5,PYTHON
be77a58d19e0e4a5,GIT
be77a58d19e0e4a5,SQL
be77a58d19e0e4a5,LEARNING
be77a58d19e0e4a5,DATABRICKS
31edb9f6c72b486e,PYTHON
31edb9f6c72b486e,SCIKIT-LEARN
31edb9f6c72b486e,GIT
31edb9f6c72b486e,GENERATIVA
31edb9f6c72b486e,TENSORFLOW
31edb9f6c72b486e,SQL
31edb9f6c72b486e,LEARNING
31edb9f6c72b486e,BIGQUERY
31edb9f6c72b486e,GCP
31edb9f6c72b486e,R
31edb9f6c72b486e,LOOKER
a4cd124421f65d07,PYTHON
a4cd124421f65d07,AIRFLOW
a4cd124421f65d07,PYSPARK
a4cd124421f65d07,SQL
a4cd124421f65d07,LEARNING
a4cd124421f65d07,DEEP
600669d4a645db61,PYTHON
600669d4a645db61,GIT
600669d4a645db61,GITHUB
600669d4a645db61,JAVASCRIPT
c2a945f82ef37e8a,PYTHON
c2a945f82ef37e8a,KNIME
c2a945f82ef37e8a,SQL
c2a945f82ef37e8a,R
c2a945f82ef37e8a,TABLEAU
c2a945f82ef37e8a,LOOKER
c2a945f82ef37e8a,JAVASCRIPT
07a9cc3db6c0ae40,TABLEAU
07a9cc3db6c0ae40,PYTHON
07a9cc3db6c0ae40,LOOKER
07a9cc3db6c0ae40,SQL
2166898147ffe745,MYSQL
2166898147ffe745,PYTHON
2166898147ffe745,AWS
2166898147ffe745,JAVA
2166898147ffe745,SCALA
2166898147ffe745,SQL
2166898147ffe745,LEARNING
2166898147ffe745,POSTGRESQL
2166898147ffe745,SPARK
c49c670e41d3b4f1,ALTERYX
c49c670e41d3b4f1,PYTHON
c49c670e41d3b4f1,JAVA
c49c670e41d3b4f1,SCALA
c49c670e41d3b4f1,SQL
c49c670e41d3b4f1,AZURE
c49c670e41d3b4f1,LEARNING
c49c670e41d3b4f1,POWERBI
c49c670e41d3b4f1,T-SQL
c49c670e41d3b4f1,QLIK
c49c670e41d3b4f1,R
c49c670e41d3b4f1,TABLEAU
98ef9d6c4b13aecc,PANDAS
98ef9d6c4b13aecc,PYTHON
98ef9d6c4b13aecc,AIRFLOW
98ef9d6c4b13aecc,AWS
98ef9d6c4b13aecc,SCIKIT-LEARN
98ef9d6c4b13aecc,SQL
98ef9d6c4b13aecc,TENSORFLOW
98ef9d6c4b13aecc,LEARNING
98ef9d6c4b13aecc,REDSHIFT
c117f359f737a96c,EXCEL
c117f359f737a96c,TABLEAU
b52c7456d796d04f,PYTHON
b52c7456d796d04f,IA
b52c7456d796d04f,GIT
b52c7456d796d04f,SQL
b52c7456d796d04f,AZURE
b52c7456d796d04f,LEARNING
b52c7456d796d04f,BIGQUERY
b52c7456d796d04f,R
c117f359f737a96c,EXCEL
c117f359f737a96c,TABLEAU
b5d9d88b2b9a8b68,PYTHON
b5d9d88b2b9a8b68,SQL
55fe295845113ed5,AZURE
55fe295845113ed5,LINUX
55fe295845113ed5,SQL
c2a945f82ef37e8a,PYTHON
c2a945f82ef37e8a,KNIME
c2a945f82ef37e8a,SQL
c2a945f82ef37e8a,R
c2a945f82ef37e8a,TABLEAU
c2a945f82ef37e8a,LOOKER
c2a945f82ef37e8a,JAVASCRIPT
0f168ae99ea95632,NUMPY
0f168ae99ea95632,PANDAS
0f168ae99ea95632,PYTHON
0f168ae99ea95632,EXCEL
0f168ae99ea95632,SQL
b113b86bf1565a1e,EXCEL
31216f8f4c427c67,PYTHON
31216f8f4c427c67,GIT
31216f8f4c427c67,SQL
31216f8f4c427c67,LEARNING
31216f8f4c427c67,DATABRICKS
0f9ce731fc7c55a0,API
0f9ce731fc7c55a0,PYTHON
0f9ce731fc7c55a0,EXCEL
0f9ce731fc7c55a0,SQL
52a6c0215e416766,PYTORCH
52a6c0215e416766,FLASK
52a6c0215e416766,HIVE
52a6c0215e416766,KAFKA
52a6c0215e416766,SEABORN
52a6c0215e416766,DOCKER
52a6c0215e416766,MONGODB
52a6c0215e416766,R
52a6c0215e416766,TERRAFORM
52a6c0215e416766,TENSORFLOW
52a6c0215e416766,MYSQL
52a6c0215e416766,KUBERNETES
52a6c0215e416766,SCIKIT-LEARN
52a6c0215e416766,LIGHTGBM
52a6c0215e416766,HADOOP
52a6c0215e416766,DEEP
52a6c0215e416766,XGBOOST
52a6c0215e416766,PANDAS
52a6c0215e416766,PYTHON
52a6c0215e416766,AIRFLOW
52a6c0215e416766,PROMETHEUS
52a6c0215e416766,MATPLOTLIB
52a6c0215e416766,LEARNING
52a6c0215e416766,SPARK
600669d4a645db61,PYTHON
600669d4a645db61,GIT
600669d4a645db61,GITHUB
600669d4a645db61,JAVASCRIPT
377268f6d813606c,PYTHON
377268f6d813606c,AWS
377268f6d813606c,JUPYTER
377268f6d813606c,IA
377268f6d813606c,GRAFANA
377268f6d813606c,LEARNING
377268f6d813606c,R
377268f6d813606c,TABLEAU
e90b5ef220ec5123,EXCEL
e90b5ef220ec5123,TABLEAU
